{"name":"cool844","vendorId":"0xFEED","productId":"0x0000","lighting":"none","matrix":{"rows":4,"cols":12},"layouts":{"keymap":[[{"name":"cool844a","author":"m.ki","notes":"This keyboard is made by SU120."},[{"y":0.25,"x":0.36},"1",{"x":0.020000000000000018},"2",{"x":9.05},"11",{"x":0.019999999999999574,"w":2},"401\n\n\n\n\n\n\n\n\n\n2U"],[{"x":0.28,"w":1.25},"101\n\n\n\n\n\n\n\n\n\n1.25U",{"x":0.020000000000000018},"12",{"x":9.23},"21",{"x":-1.7763568394002505E-15,"w":1.75},"301\n\n\n\n\n\n\n\n\n\n1.75U"],[{"x":0.28,"w":1.5},"201\n\n\n\n\n\n\n\n\n\n1.5U",{"x":0.020000000000000018},"22"],[{"y":-0.9500000000000002,"x":11.1},"30",{"x":1.1500000000000004,"w":1.25},"102\n\n\n\n\n\n\n\n\n\n1.25U"],[{"y":-0.7999999999999998,"x":12.2},"32"],[{"y":-0.25,"x":0.5,"w":1.25},"103\n\n\n\n\n\n\n\n\n\n1.25U",{"w":1.25},"104\n\n\n\n\n\n\n\n\n\n1.25U"],[{"y":-0.75,"x":11.2},"33","34","35"],[{"r":5,"y":-4.5,"x":2.5},"3","4","5","6"],[{"x":2.75},"13","14","15","16"],[{"x":3.1},"23","24","25","26"],[{"x":4.35,"w":2.75},"701\n\n\n\n\n\n\n\n\n\n2.75U"],[{"r":-5,"y":-2.75,"x":7.25},"7","8","9","10"],[{"x":7.5},"17","18","19","20"],[{"x":7.75},"27","28","29"],[{"x":7.25},"31",{"w":2.25},"601\n\n\n\n\n\n\n\n\n\n2.25U"]]]}}